source,title,url
Digitaliseringsstyrelsen,Nye økonomiske nøgletal for telebranchen,https://digst.dk/nyheder/nyhedsarkiv/2026/september/nye-oekonomiske-noegletal-for-telebranchen/
Digitaliseringsstyrelsen,Første tilsyn med forbudt AI-praksis er afsluttet,https://digst.dk/nyheder/nyhedsarkiv/2026/september/foerste-tilsyn-med-forbudt-ai-praksis-er-afsluttet/
Digitaliseringsstyrelsen,Nu er der et kodeks for mærkning af deepfakes,https://digst.dk/nyheder/nyhedsarkiv/2026/juni/nu-er-der-et-kodeks-for-maerkning-af-deepfakes/
Digitaliseringsstyrelsen,Kontrakt om borger.dk tildeles Netcompany,https://digst.dk/nyheder/nyhedsarkiv/2026/juni/kontrakt-om-borgerdk-tildeles-netcompany/
Digitaliseringsstyrelsen,Digitalt kørekort hitter blandt udenlandske borgere,https://digst.dk/nyheder/nyhedsarkiv/2026/juni/digitalt-koerekort-hitter-blandt-udenlandske-borgere/
Digitaliseringsstyrelsen,Tal om borgere der har svært ved den digitale kontakt med det offentlige,https://digst.dk/nyheder/nyhedsarkiv/2026/juni/faktaark-om-borgere-der-har-svaert-ved-den-digitale-kontakt-med-det-offentlige/
Digitaliseringsstyrelsen,Nu kan du downloade AltID,https://digst.dk/nyheder/nyhedsarkiv/2026/juni/nu-kan-du-downloade-altid/
Digitaliseringsstyrelsen,Danske myndigheder har bidraget til milliardbøde til TEMU,https://digst.dk/nyheder/nyhedsarkiv/2026/maj/danske-myndigheder-har-bidraget-til-milliardboede-til-temu/
Digitaliseringsstyrelsen,Tilsyn med teleselskabernes SMS-filtre er afsluttet,https://digst.dk/nyheder/nyhedsarkiv/2026/april/afgoerelse-i-sms-sag/
Digitaliseringsstyrelsen,Dansk NGO bidrager til EU-sag mod Snapchat,https://digst.dk/nyheder/nyhedsarkiv/2026/april/eu-kommissionen-indleder-sag-mod-snapchat/
